customer_id,phone
15962,876.997.0254
99723,001-706-213-0362
99723,886.527.4420x90003
292123,609-707-0898x27190
292123,251.901.5135x81714
195782,609-707-0898x27190
551515,609-707-0898x27190
551515,(936)847-4357
551515,(777)968-6734
269903,251.901.5135x81714
92035,251.901.5135x81714
527498,251.901.5135x81714
527498,967.242.6117x895
354325,251.901.5135x81714
354325,967.242.6117x895
354325,+1-738-286-0151
305711,251.901.5135x81714
305711,880-909-3087
525535,251.901.5135x81714
525535,457-428-3328x7320
366833,251.901.5135x81714
278060,251.901.5135x81714
456434,+1-224-605-3915x17480
508821,+1-445-402-1297
508821,3287834982
198149,+1-445-402-1297
15907,3287834982
15907,771.888.8110x22887
119845,680-210-0127x41447
306275,359-484-0798
527255,359-484-0798
537722,(304)313-3538
540689,+1-614-614-6685x407
540689,001-297-499-7903
540689,760.634.9964x0353
460576,278-650-6467x9178
602177,278-650-6467x9178
188506,278-650-6467x9178
529140,278-650-6467x9178
529140,771.888.8110x22887
605757,278-650-6467x9178
605757,771.888.8110x22887
34211,278-650-6467x9178
602077,278-650-6467x9178
442716,278-650-6467x9178
89859,771.888.8110x22887
443212,771.888.8110x22887
318234,771.888.8110x22887
318806,771.888.8110x22887
333542,771.888.8110x22887
104058,771.888.8110x22887
559577,771.888.8110x22887
288609,771.888.8110x22887
504734,771.888.8110x22887
241010,(274)623-2446x8709
329644,(274)623-2446x8709
329644,(719)720-6678x3898
586845,(274)623-2446x8709
239433,(274)623-2446x8709
407472,(823)948-0122
566248,(823)948-0122
155967,(823)948-0122
155967,001-267-298-9850x419
155967,(319)283-5601x5555
329867,(823)948-0122
537212,393-362-6193x19389
55040,393-362-6193x19389
55040,250-206-5340x50248
55040,001-222-708-2212x38126
164189,393-362-6193x19389
164189,250-206-5340x50248
400361,393-362-6193x19389
54090,393-362-6193x19389
337878,407.612.3372
313699,350-777-9462x74304
138190,238.507.4771x768
138190,(660)568-5330x2870
138190,(781)623-8724
501780,238.507.4771x768
556257,956-751-0442
89545,275.538.7221x511
225549,3264657313
225549,001-932-639-5066x7134
313962,001-932-639-5066x7134
198673,001-932-639-5066x7134
145136,001-932-639-5066x7134
523945,001-932-639-5066x7134
337495,001-932-639-5066x7134
318144,001-932-639-5066x7134
219063,001-932-639-5066x7134
587853,001-932-639-5066x7134
243368,001-932-639-5066x7134
474229,001-932-639-5066x7134
482309,001-932-639-5066x7134
179216,001-932-639-5066x7134
307983,001-932-639-5066x7134
198524,001-932-639-5066x7134
343928,001-932-639-5066x7134
343928,722.542.0102x4057
486829,001-932-639-5066x7134
486829,001-684-829-4810x204
154075,001-932-639-5066x7134
315653,001-932-639-5066x7134
119132,001-932-639-5066x7134
12149,8968333293
572339,8968333293
383423,8968333293
499385,8968333293
230059,001-662-651-4055x246
546983,841.416.9295
100264,+1-436-451-4751x07475
152267,(477)902-1478
152267,(837)754-8445x5539
336229,+1-503-248-1294x4808
546270,001-357-309-9863x884
584367,001-357-309-9863x884
339941,001-357-309-9863x884
631501,001-357-309-9863x884
19031,001-357-309-9863x884
19031,001-835-397-0556x2464
19031,907.576.3743x5191
216271,001-357-309-9863x884
60486,001-357-309-9863x884
299192,001-357-309-9863x884
159898,001-357-309-9863x884
408091,001-357-309-9863x884
408091,+1-852-599-3445x346
470251,598.792.5642x5549
533583,408-680-4978x3334
199715,600.286.4151x7746
199715,981-893-0971x481
169899,600.286.4151x7746
169899,(270)473-1434x46023
169899,(447)399-2895x610
122085,600.286.4151x7746
122085,+1-438-637-7128
19883,(447)399-2895x610
19883,001-246-353-1246x843
19883,744.228.4034x2621
219386,(447)399-2895x610
495016,(447)399-2895x610
275580,(447)399-2895x610
275580,581.539.3199x4040
251430,(447)399-2895x610
251430,388-386-6597
629137,(447)399-2895x610
302579,(447)399-2895x610
103328,(447)399-2895x610
502882,(447)399-2895x610
243166,(447)399-2895x610
427255,(447)399-2895x610
291162,(447)399-2895x610
619195,(447)399-2895x610
112624,(447)399-2895x610
14460,(447)399-2895x610
65361,(447)399-2895x610
584682,(447)399-2895x610
81213,(447)399-2895x610
114605,(447)399-2895x610
560821,(447)399-2895x610
186397,(447)399-2895x610
328597,(447)399-2895x610
376313,(447)399-2895x610
171837,(447)399-2895x610
437037,(447)399-2895x610
474180,(447)399-2895x610
474180,(465)533-7342x878
483974,(447)399-2895x610
588305,(447)399-2895x610
368550,(447)399-2895x610
593136,(447)399-2895x610
285486,(447)399-2895x610
424482,(447)399-2895x610
318586,(447)399-2895x610
256434,(447)399-2895x610
196689,(447)399-2895x610
196689,537.747.4388x48336
280128,(447)399-2895x610
452208,(447)399-2895x610
253152,(447)399-2895x610
84979,217.824.6318x32464
630409,+1-486-352-3172x10664
379362,+1-486-352-3172x10664
379362,001-620-443-7626x47039
444471,+1-486-352-3172x10664
444471,001-620-443-7626x47039
486186,+1-486-352-3172x10664
162837,001-620-443-7626x47039
563059,001-620-443-7626x47039
439383,001-620-443-7626x47039
317939,001-620-443-7626x47039
596487,+1-339-535-8751x7102
626920,390-275-6471
85104,001-296-486-7620
308950,+1-713-348-5674x75778
524885,(488)779-4654x878
135201,001-578-699-9503
26712,+1-756-702-3690x7208
26712,8995242032
26712,754.760.8829x017
121800,001-628-597-6684
195004,853-925-1193x0776
246841,001-755-621-7482x25639
36095,997.365.9806x25905
36095,(686)361-3882x45269
623933,922.451.3068
576970,(469)791-1305x977
233432,(457)628-2629x40525
140214,001-971-594-6651x723
509969,001-683-612-2055x04259
344869,269-487-6438
518472,270-614-2034
348765,(542)632-9243x4241
369989,001-330-213-8482x020
111282,001-330-213-8482x020
270276,001-330-213-8482x020
386540,001-330-213-8482x020
143014,001-330-213-8482x020
395663,001-330-213-8482x020
395663,001-366-387-1686x88228
141217,001-330-213-8482x020
347980,001-330-213-8482x020
477335,001-330-213-8482x020
81556,001-330-213-8482x020
28442,001-330-213-8482x020
381411,001-330-213-8482x020
267933,001-330-213-8482x020
364521,001-330-213-8482x020
298918,466.513.4537x7335
232353,001-480-856-6206x07835
123637,(839)680-2969
25494,+1-371-859-7062
25494,+1-374-689-3608
384533,400-933-9151x39158
501972,+1-778-929-9837x53478
290933,+1-778-929-9837x53478
270227,+1-778-929-9837x53478
32252,001-803-687-7126x3442
140574,001-803-687-7126x3442
265429,001-803-687-7126x3442
452805,001-803-687-7126x3442
289543,001-803-687-7126x3442
615403,001-803-687-7126x3442
90141,001-803-687-7126x3442
375953,001-803-687-7126x3442
413885,001-803-687-7126x3442
16591,001-803-687-7126x3442
29166,001-803-687-7126x3442
29166,+1-572-802-8912x3438
29166,+1-245-435-2406x04527
145275,001-803-687-7126x3442
145275,8293118495
428588,001-803-687-7126x3442
428588,550.422.1087x7089
539897,001-803-687-7126x3442
539897,(868)460-7475x086
290939,363-903-8917x6894
290939,(310)475-5598
290939,+1-537-803-3644
421529,503.421.8962x29698
592661,(900)515-3689
471161,711-671-0965x65021
557062,+1-641-919-2217x392
44354,+1-374-689-3608
483436,001-741-826-8733x75684
483436,619-819-4148x910
383209,001-741-826-8733x75684
502247,358-324-6304x537
276211,550.624.6846x362
152464,872-355-1817
173689,748.653.1340x130
173689,350-316-4106
5122,5728142072
397700,5728142072
366716,5728142072
551509,5728142072
633731,5728142072
535856,5728142072
294117,5728142072
177320,5728142072
498181,5728142072
73993,5728142072
171711,974.606.4808x99488
69407,001-229-675-8103
116725,250-206-5340x50248
440197,250-206-5340x50248
440197,(503)973-1538x853
66991,250-206-5340x50248
237872,250-206-5340x50248
72174,250-206-5340x50248
630670,250-206-5340x50248
630670,001-875-222-4072x590
272095,250-206-5340x50248
320164,250-206-5340x50248
218965,250-206-5340x50248
186852,(925)590-3370x5971
330087,951.927.1922
19735,951.927.1922
402227,951.927.1922
65360,951.927.1922
310149,951.927.1922
67460,951.927.1922
267215,951.927.1922
344390,951.927.1922
272954,951.927.1922
40388,951.927.1922
127170,951.927.1922
47052,951.927.1922
630313,951.927.1922
94727,(661)214-0808x16897
472153,(661)214-0808x16897
373644,(661)214-0808x16897
572133,(661)214-0808x16897
137096,(661)214-0808x16897
165821,(661)214-0808x16897
357161,(661)214-0808x16897
275912,(661)214-0808x16897
275912,202.835.4574
538117,(661)214-0808x16897
538117,+1-310-512-5886x0262
377459,(661)214-0808x16897
377459,888-661-8417x2044
487598,(661)214-0808x16897
487598,001-748-770-8240x229
566253,(661)214-0808x16897
205330,+1-515-638-8899
193222,(813)636-2731x4643
434665,(264)253-6243x17438
593883,(822)989-1665x5906
117040,(936)963-9416
323879,393.798.6402
256876,(300)682-5187x69885
389075,(296)466-0880x54266
589587,001-960-778-6989
289524,(864)258-8469x89492
540464,954.900.2539
179005,608.601.5534x4475
580306,(746)408-4665
335207,271.839.6455x618
335207,203-886-2686
408025,271.839.6455x618
54170,3798511689
340688,3798511689
341406,3798511689
517990,3798511689
447590,3798511689
330747,+1-241-822-3000x9969
330747,523-219-6618
330747,561.410.1739x4455
321814,(201)696-5824
328567,653.418.3138x717
328567,001-346-776-6105x87822
577920,001-618-722-4029
577920,512-554-8542x9338
577920,001-280-993-8775x798
22839,9624873859
22839,(368)593-4915
586240,001-594-949-6787
586240,001-851-465-8629
525285,(590)905-3588x2170
343905,858-690-9287
437443,001-464-486-9797
619206,533.272.7164
266346,967.242.6117x895
423147,967.242.6117x895
388749,967.242.6117x895
563787,001-547-673-2484x448
215199,(444)845-9577
215199,902.288.3053x11617
517386,2174729210
517386,358-201-1645
14728,(328)385-4830x7367
37307,001-908-582-1413x2714
301044,547-398-7375
301044,556-906-2864x9236
301044,001-656-480-3301x17609
613383,001-934-938-1516
478385,+1-300-814-3051x69211
273955,5683031263
477494,5683031263
142880,623-619-8165
111930,862.439.8348x9829
143308,001-916-893-5211
546009,(333)510-7301
498350,001-357-479-1486x333
537614,001-716-834-0141x853
537614,+1-425-998-5565x2434
537614,320.401.7043x40187
308474,+1-425-998-5565x2434
220891,+1-425-998-5565x2434
60132,001-724-978-4131
444559,744.228.4034x2621
354526,+1-431-921-9006x429
596914,001-922-925-2947x68931
255736,+1-660-480-2201x03176
255736,906-464-4980
180550,+1-807-495-5849x57771
395558,8046581365
461005,8046581365
512251,8046581365
557508,742.791.8476x35232
17630,742.791.8476x35232
243440,6622789986
283435,6622789986
283435,(348)801-6850
626091,6622789986
114620,001-395-677-1095x80138
612529,001-395-677-1095x80138
461397,001-395-677-1095x80138
447242,001-395-677-1095x80138
431491,001-395-677-1095x80138
614935,001-395-677-1095x80138
196777,001-395-677-1095x80138
383166,001-395-677-1095x80138
486414,001-395-677-1095x80138
268685,001-395-677-1095x80138
292455,001-395-677-1095x80138
444914,001-395-677-1095x80138
446086,979-897-1556
52792,4997212409
60053,948-655-6161x328
442861,948-655-6161x328
337643,948-655-6161x328
337643,+1-662-656-2005
93071,948-655-6161x328
411333,948-655-6161x328
25741,948-655-6161x328
462322,(276)710-9212
414877,982.869.5068x83517
483198,982.869.5068x83517
403605,982.869.5068x83517
124293,982.869.5068x83517
300206,982.869.5068x83517
397910,982.869.5068x83517
316583,982.869.5068x83517
63209,982.869.5068x83517
473237,982.869.5068x83517
413254,982.869.5068x83517
313104,982.869.5068x83517
425448,982.869.5068x83517
140891,982.869.5068x83517
355905,982.869.5068x83517
536769,982.869.5068x83517
134108,982.869.5068x83517
369574,982.869.5068x83517
281797,982.869.5068x83517
296473,769.590.8819x47512
388101,769.590.8819x47512
543857,769.590.8819x47512
3047,769.590.8819x47512
116081,769.590.8819x47512
304592,+1-514-783-3814x73330
228182,+1-789-434-7076x84027
268199,+1-789-434-7076x84027
631458,+1-789-434-7076x84027
631458,001-362-720-5696x73983
107638,+1-789-434-7076x84027
413994,+1-789-434-7076x84027
588281,+1-789-434-7076x84027
634910,+1-789-434-7076x84027
423085,+1-789-434-7076x84027
64639,+1-789-434-7076x84027
145973,+1-789-434-7076x84027
118866,+1-789-434-7076x84027
372849,+1-789-434-7076x84027
178705,001-631-833-8102
193506,789.703.9672x46808
168019,440.983.2646
39290,(553)662-9248x287
632554,707.253.8814
632554,842-518-9998
632554,001-342-882-0677x927
67418,001-237-558-0643
191430,957-219-7406x414
298580,957-219-7406x414
5594,957-219-7406x414
410362,957-219-7406x414
88573,001-763-413-1398x66483
268452,001-940-578-6595x34394
237308,881-726-9833x95261
234031,6612694771
233237,+1-894-314-9863x52398
134987,001-257-735-7641
506580,425.765.9700
336346,307.929.7331x7923
378412,967.869.9336
536351,(254)897-1567
620308,(254)897-1567
282113,521-755-9434
330690,7874511639
330690,001-574-481-2911x231
137433,442.280.9192x597
370192,442.280.9192x597
357345,442.280.9192x597
216745,442.280.9192x597
312624,442.280.9192x597
262882,+1-791-408-8961x99172
196929,795.890.3246x698
411890,+1-662-656-2005
411890,+1-510-290-0755x256
225210,+1-662-656-2005
79518,+1-662-656-2005
404763,+1-662-656-2005
68064,+1-662-656-2005
455647,+1-662-656-2005
277810,+1-662-656-2005
128445,+1-662-656-2005
172098,+1-662-656-2005
172098,(473)976-9847x91408
197446,+1-662-656-2005
136622,+1-662-656-2005
354781,+1-662-656-2005
480298,+1-662-656-2005
17727,+1-662-656-2005
17727,+1-510-290-0755x256
301784,+1-662-656-2005
64438,+1-662-656-2005
18926,+1-662-656-2005
620982,+1-662-656-2005
67639,+1-662-656-2005
47,+1-510-290-0755x256
351480,+1-510-290-0755x256
526498,+1-510-290-0755x256
553246,7083139555
185152,358-315-4458
178585,798.315.1037
198681,307-620-4128
339286,+1-333-962-4526x3119
339286,(722)916-3617x82267
142113,+1-200-434-2045x8258
142113,(663)710-4886x67575
502501,001-757-852-1207
79164,001-946-921-4120x35362
474094,435.267.4415x8948
509455,+1-935-819-2783x389
195563,(752)354-9165x68488
83202,001-773-276-8235
482572,(701)418-6910x48108
212599,(360)830-3878x19010
159249,+1-549-218-9318x91694
162610,+1-549-218-9318x91694
162610,253.745.2887x42784
94351,+1-549-218-9318x91694
222746,+1-549-218-9318x91694
374038,+1-549-218-9318x91694
467619,+1-549-218-9318x91694
282651,(824)519-4140x115
363973,(791)682-2809x914
239894,(940)652-5734
448138,001-585-955-3641
422789,001-569-457-0617x1599
260710,(813)293-2283
315700,001-391-573-5044x5036
315700,7765769464
553127,001-613-439-2237x9577
603051,935.674.0796
74989,935.674.0796
190670,935.674.0796
197443,935.674.0796
383090,935.674.0796
616316,(819)356-1248x42864
610034,001-281-645-8731
276849,+1-659-204-9371
276849,001-776-305-9985
276849,401.791.3147x708
572314,401.791.3147x708
454521,401.791.3147x708
495300,580.315.5257
495300,7488331771
337608,7488331771
337608,724-442-3311x6452
392527,7488331771
323752,7488331771
81907,001-897-457-9526x619
266265,260-727-6432x07792
489194,001-676-499-4449
497690,933.595.5153x013
299953,(251)916-9003
96221,276.547.7484
51450,(318)316-0439
381581,779.861.4417x849
352960,+1-862-771-1852x6525
542897,+1-485-914-2217
66773,(880)593-7126x7973
599100,565.380.7092x67141
76535,565.380.7092x67141
517247,589-784-4265x8431
137490,589-784-4265x8431
137490,+1-316-994-5358x522
328891,589-784-4265x8431
395079,+1-316-364-5739
495237,805-499-8170
278909,442-958-5826
278909,(690)981-7516x089
337470,7889647361
217453,252-649-4957x41669
456611,+1-738-286-0151
7436,+1-643-421-8532x80856
150941,+1-444-315-9187x6041
88819,001-598-916-1236
604739,429-816-3252x4551
604739,+1-410-959-2597x198
293492,001-622-916-7452
321721,(800)931-2397
227937,(800)931-2397
550536,+1-238-897-5157x4577
394767,3543843964
338997,423-989-9844x254
36334,937-675-9736x3596
166778,001-748-770-8240x229
237004,001-748-770-8240x229
131891,(989)283-3397x700
333188,+1-372-447-0870x8536
547520,001-290-242-4639x75887
44562,(989)948-1617x80234
320634,(566)375-4810x40294
320634,584-478-0590x62704
196286,340.848.4122x6006
368690,965-466-3591x04696
571091,(501)577-9506x7612
439689,+1-291-754-8793x18034
301795,001-824-280-8901x807
384278,(417)242-6294x65979
384278,001-535-876-5608x99591
306210,782.628.6171
633437,286.745.9537
283101,448.699.1382
340087,+1-613-926-6357x8660
403454,2918323976
457001,970-804-3571x70563
114834,(265)279-1041
633473,448-990-1015x112
611263,001-888-354-0024
524319,+1-243-572-0247x44182
524319,724-442-3311x6452
509744,+1-243-572-0247x44182
348829,+1-243-572-0247x44182
354451,+1-274-494-2028
231364,5029184535
332314,530.317.4824
491622,+1-798-956-2181x069
84527,001-697-471-3901x6102
84527,377.860.2164x480
465307,(777)968-6734
1336,(328)829-2441x805
146169,6968068612
146169,345.256.5648x9894
225477,374.378.5857
128765,581.539.3199x4040
451883,436-395-6618
147156,(711)789-7708x3017
147156,+1-832-263-0148x82022
245705,(299)284-7442
477553,(639)538-5512x9450
189955,395.539.7276x8654
586222,(900)204-7059
49212,361-839-0260x9568
112305,676-924-0865
186703,610-676-4669x102
82909,884.324.8652
82909,(719)919-4784x61954
608186,937.715.9945x3816
474662,(288)381-1145x0230
486053,(616)472-6558
532648,001-684-833-5908x377
387090,786-598-3813
211150,(663)504-2396x6749
389184,001-806-686-0543x393
577460,831-962-7410x031
110227,978-480-3163x587
195316,978-480-3163x587
558576,(976)998-2514
5114,(901)370-4634x39939
5114,439-752-3810x457
578908,792.302.2284x195
354414,001-928-891-4022x83837
481197,645-384-2256
425141,001-688-300-0201x2150
469783,434.292.3135x820
490288,882-311-6870x114
393792,916-923-9668x700
408185,+1-694-680-6183x020
491205,972-588-5356x05499
381251,4543372117
515947,256-278-3774x49927
189350,637.833.2335x7303
449662,001-700-643-5473x88643
449662,001-251-348-3094
97155,3526387607
312716,(509)904-0575
14014,(868)460-7475x086
574343,(595)206-2465x8275
236017,(645)876-6839x19974
236017,807.527.9364x98473
141123,815.818.3330
483802,279.979.5890x66757
483802,253.745.2887x42784
16600,279.979.5890x66757
265489,279.979.5890x66757
226150,544.917.8374
17521,2592548029
166614,284-567-7266x264
632025,6597873116
14000,772-723-2690x34580
622993,772-723-2690x34580
184939,+1-808-464-0779
470404,(819)738-3726x4914
38533,412.217.7087
244241,659-845-8360x08343
486885,947-891-0740
486885,790-397-4926x027
548861,001-802-659-3233x65239
256298,001-802-659-3233x65239
66969,001-323-262-1903
88913,703.935.6295
88913,230.829.4851x706
464976,255-933-5027
181532,(296)484-2404x165
147985,719-828-3234x07699
61618,001-616-529-8069
237631,(642)233-3359x7875
146699,+1-745-659-6773x2254
575518,(974)767-8811
590940,879-269-6123x19742
476819,567-331-5239x3340
31547,611-269-4705
622496,803-885-0810
327105,680.589.8755
530898,642.784.5224x945
225736,724-316-4059x82987
539365,209-580-5755x213
278014,767-258-4194
375762,001-297-597-0515x721
367487,258-928-6607x56124
137272,776.410.4693x78264
414005,001-689-505-9467x2314
520816,736.995.0432x415
423053,+1-454-798-7247x96692
632736,308-232-3380x08139
354495,(358)618-9075
407205,740-691-6352
52130,+1-782-570-8370
364107,(427)486-3627
130787,722.542.0102x4057
535555,(817)918-6014x48053
139687,3996139045
196029,667.911.8538x3215
229167,(634)586-8599
317814,503-612-4013
375835,503-612-4013
612403,269-246-6701
378448,638-663-6596x798
44651,5705901538
240175,001-314-706-9781
178962,(267)415-8775x820
158594,7708433854
281136,+1-466-419-2207x93386
456296,(527)610-4414x406
623410,+1-738-630-0077
553245,(657)666-2922x20291
263403,(235)379-3034x40856
199389,259.368.6122x3336
491702,591.403.8072
406420,+1-424-770-1599
560824,840.781.5103x28656
48603,001-534-757-1767x76704
532719,464.307.4278x15695
213984,851-873-5558
214030,754-224-8945
243411,988-613-4451
365609,656.993.7229
196961,890.399.9652x53704
248102,421-387-2104
80884,537.747.4388x48336
22082,+1-646-388-7469x47454
253309,744-576-0235
446605,543-731-8690
491181,8873921111
491181,001-399-262-4759
409542,457-428-3328x7320
106977,457-428-3328x7320
341323,(848)319-0184
514882,(848)319-0184
272646,654-754-0249x185
499079,(700)615-3499
499079,265-207-5110x78848
206091,791-882-6279x422
271374,+1-761-562-7828x69850
457841,304.587.5318x60854
285804,(231)292-7968
98196,001-959-531-1947x3393
518170,001-666-770-8437x679
539963,526-864-5461x289
247840,525-716-1350x076
434809,919.233.3623x515
443237,919.233.3623x515
29984,(540)534-2022
301387,760-332-7353
284547,9525787835
442294,2792424264
65535,(213)845-7637
213361,001-735-778-6117x0945
552103,631.234.5264x1972
38558,+1-647-485-9874x1477
3258,7009512257
629734,922-260-8093
257135,464-963-9622x4952
111921,001-780-501-1932x60918
527549,001-973-948-2848x0620
26502,+1-226-417-8354x01690
148978,(294)547-4917x40592
169515,(887)821-9760
406166,001-328-665-2069x2843
953,430.607.7978
553215,+1-861-685-7791x701
620164,994.592.4548
471018,6946615972
471018,999.377.9039x3057
625068,001-893-503-1661
493967,581-501-1035x21217
100632,(660)889-4590x4765
444437,001-717-241-1104x3836
601700,001-338-588-6165
177947,288-631-6814
262642,983.411.2173
477707,9573518272
57674,411.266.3513x29403
70973,411.266.3513x29403
321043,759.673.9902
399073,911-441-4776
394940,+1-599-879-7191
300210,696.596.1406x366
628041,392.385.7956x13120
527306,751.304.9227x084
211746,744.644.1129x713
260458,(230)965-6773x590
535736,794.961.5656
230728,+1-332-394-4279
216795,001-497-248-8738x6776
400963,(205)845-4487x135
305636,(657)785-4041
601053,+1-385-321-0281
590385,571.212.7377x69843
365538,(491)870-2803x559
616694,778.748.7419
552774,001-200-203-6245
311770,001-794-302-9806
383236,001-833-392-5855x97023
318119,2186342523
338208,(957)657-7677x92751
525384,+1-763-495-8377x085
3140,971-811-9041x54472
299247,247-688-2399
37740,001-989-514-5825x99716
436561,209-883-9893
